src_en,ref_ka
"And Israel said, Wherefore dealt ye so ill with me, as to tell the man whether ye had yet a brother?","და თქვა ისრაელმა: „რად მიბოროტეთ და უთხარით იმ კაცს, რომ კიდევ გყავთ ძმა?“"
"Is there something difficult in your life right now, something you’re worried can’t be resolved? Without the eye of faith, that might feel like God has lost oversight of things, and is that true?","ამჟამად არის თქვენს ცხოვრებაში სირთულე, რომლის მოგვარებაც თქვენი აზრით შეუძლებელია? რწმენის თვალის გარეშე შეიძლება მოგეჩვენოთ, რომ ღმერთმა დაკარგა ყოველივეს კონტროლი და განა ეს მართლა ასეა?"
"""Jesus was a being of flesh and spirit, but He yielded not to temptation (see Mosiah 15:5),"" said Elder D. Todd Christofferson of the Quorum of the Twelve Apostles.","""იესო იყო .. ხორცისა და სულის არსება, მაგრამ არ ვარდებოდა ცდუნებაში (იხ. მოსია 15:5)"", თქვა უხუცესმა დ. თოდ კრისტოფერსონმა თრმეტ მოციქულთა ქვორუმიდან."
"Dear President Thomas S. Monson, who is such a magnificent example of lifting the downtrodden, said: “God bless all who endeavor to be their brother’s keeper, who give to ameliorate suffering, who strive with all that is good within them to make a better world. Have you noticed that such individuals have a brighter smile? Their footsteps are more certain. They have an aura about them of contentment and satisfaction … for one cannot participate in helping others without experiencing a rich blessing himself.”","პრეზიდენტმა თომას ს. მონსონმა, რომელიც შესანიშნავი მაგალითია იმისა, თუ როგორ წამოაყენოს დაცემული ადამიანი, თქვა: „ღმერთმა დალოცოს ყოველი ადამიანი, რომელიც ცდილობს გახდეს თავისი ძმის „დარაჯი“, ცდილობს შეუმსუბუქოს მას ტანჯვა და რომელიც მიისწრაფვის იმისკენ, რომ გააუმჯობესოს ეს სამყარო. თუ შეგიმჩნევიათ, რომ ასეთი ადამიანები სხვებზე ბედნიერები არიან? ისინი უფრო თავდაჯერებულნი არიან. მათ კმაყოფილების აურა აქვთ, ... რამეთუ არ შეიძლება ეხმარებოდე სხვებს და საკუთარი თავისთვის არ იხვეჭდე უხვ ლოცვა-კურთხევას.“8"
Encourage husbands and wives to come together.,"შეაგულიანეთ მეუღლეები, ერთად მოვიდნენ გასაუბრებაზე."
"The Atonement of Jesus Christ makes the Savior's invitation to ""be ye therefore perfect, even as your Father which is in heaven is perfect"" perfectly possible rather than frustratingly out of reach.","იესო ქრისტეს გამოსყიდვა ხდის აბსოლუტურად რეალურს და არა გულდასაწყვეტად მიუწვდომელს მხსნელის მოწვევას ვიყოთ ""სრულყოფილნი, როგორც თქვენი ზეციერი მამაა სრულყოფილი""."
You must indicate whether the person is male or female.,დააფიქსირეთ პიროვნების სქესი
What would you say to someone who wonders this?,"რას ეტყოდი ადამიანს, რომელსაც ეს აინტერესებს?"
The fear of the Lord is the beginning of knowledge: but fools despise wisdom and instruction.,"უფლის შიში ცოდნის სათავეა, სიბრძნე და დარიგება კი ბრიყვებს ეზიზღებათ."
"And in all matters of wisdom and understanding, that the king inquired of them, he found them ten times better than all the magicians and astrologers that were in all his realm.","გამოჰკითხა მათ მეფემ ბრძნული და ჭკვიანური საქმეები და დაინახა, რომ ისინი მისი სამეფოს ყველა მოგვზე და შემლოცველზე ათწილად გონიერები იყვნენ."
"Oh, how I wish I could embrace you and help you understand this great truth: You are a blessed being of light, the spirit child of an infinite God! And you bear within you a potential beyond your own capacity to imagine.","როგორ მინდა ჩაგეხუტოთ და დაგეხმაროთ გაიგოთ ეს დიადი ჭეშმარიტება: თქვენ სინათლით კურთხეული არსება ხართ; უსასრულო ღმერთის სულიერი შვილი. და თქვენში იმაზე დიდი პოტენციალია, ვიდრე ამის წარმოდგენა შეგიძლიათ."
Why is this happening?,რატომ ხდება ეს?
"Now the birth of Jesus Christ was on this wise: When as his mother Mary was espoused to Joseph, before they came together, she was found with child of the Holy Ghost.","ხოლო იესო ქრისტეს შობა ასე მოხდა: დედამისი, მარიამი იოსებზე დანიშვნის შემდეგ, ვიდრე ისინი შეუღლდებოდნენ, სულიწმიდისაგან დაორსულებული აღმოჩნდა;"
"Let people serve thee, and nations bow down to thee: be lord over thy brethren, and let thy mother's sons bow down to thee: cursed be every one that curseth thee, and blessed be he that blesseth thee.","და გმონებდნენ შენ ხალხები, და თაყვანს გცემდნენ ტომები. იყავი ბატონი შენი ძმებისა, და თაყვანს გცემდნენ შენ ძენი დედაშენისა. მაწყევარი შენი წყეულიმც იყოს და მაკურთხეველი შენი კურთხეულ იყოს."
He preserveth not the life of the wicked: but giveth right to the poor.,"იგი ცოცხალს არ გაუშვებს უკეთურს, და ჩაგრულთ მიაგებს სამართალს;"
"The Holy Ghost would leave them, and they often struggled to make choices that would bring them closer to God.","სულიწმინდა აღარ იყო მათთან და ისინი ხშირად ვერ აკეთებდნენ ისეთ არჩევანს, რომელიც მათ ღმერთთან ახლოს მიიყვანდა."
and the remainder of them broke through and fled from us.,დანარჩენები გამოეხსნენ და გაიქცნენ.
For the Lord God hath said that: Inasmuch as ye shall keep my commandments ye shall prosper in the land; and inasmuch as ye will not keep my commandments ye shall be cut off from my presence.,"რამეთუ უფალმა ღმერთმა თქვა: რამდენადაც დაიცავთ ჩემს მცნებებს, იმდენად აყვავდებით ამ მიწაზე; და რამდენადაც არ დაიცავთ ჩემს მცნებებს, იმდენად იქნებით ჩემი გარემოცვიდან მოკვეთილნი."
(See this week's activity page.),(იხილეთ მიმდინარე კვირის გასართობი გვერდი.)
Reading about that power in Doctrine and Covenants 121:34–46 could help you learn how to receive that power—and how to use it to bless others.,"როდესაც კითხულობ ძალაუფლების შესახებ მოძღვრება და აღთქმები 121:34–46 -ში, აღნიშნული შეიძლება დაგეხმაროს ისწავლო, როგორ მიიღო ეს ძალაუფლება და როგორ გამოიყენო ის სხვების დასალოცად."
I suggest you consider the following:,"ჩემი რჩევაა, გაითვალისწინოთ შემდეგი:"
And all things which were created must have remained in the same state in which they were after they were created;,"და ყველაფერი, რაც იყო შექმნილი, უნდა დარჩენილიყო იმავე მდგომარეობაში, რომელშიც იყო შექმნის შემდეგ;"
"Remember, to be carnally-minded is death, and to be spiritually-minded is life eternal.","გახსოვდეთ, ხორციელი აზროვნება არის სიკვდილი, სულიერი აზროვნება არის მარადიული სიცოცხლე."
For God So Loved Us,რადგან იქამდე შეგვიყვარა ღმერთმა
"And forgettest the Lord thy maker, that hath stretched forth the heavens, and laid the foundations of the earth, and hast feared continually every day, because of the fury of the oppressor, as if he were ready to destroy?","და გავიწყდება უფალი, შენი შემქმნელი, რომელმაც გადაჭიმა ზეცა და დაუდო საფუძველი დედამიწას და განუწყვეტლივ ყოველი დღე გეშინია მჩაგვრელის მრისხანების, თითქოს მზად იყოს განადგურებისათვის?"
"Read or recite with the children the fourth article of faith, and ask them to hold up their pictures when that principle or ordinance is mentioned.","წაიკითხე ან თქვი ბავშვებთან ერთად რწმენის მეოთხე სიმბოლოდა სთხოვე, ასწიონ თავიანთი ნახატები, როცა ეს პრინციპი ან წეს-ჩვეულება იქნება ნახსენები."
"Elder Godoy teaches that when we pray to our Heavenly Father, He will answer our prayers in a personalized way.","უხუცესი გოდოი გვასწავლის, რომ როცა ვლოცულობთ მამაზეციერისადმი, ის ინდივიდუალურად გვიპასუხებს ლოცვებზე."
You might use wording like the following to help people understand how the Book of Mormon confirms the truth of the Restoration of the gospel of Jesus Christ:,"შეგიძლია გამოიყენო შემდეგი ფორმულირებები, რათა დაეხმარო ადამიანებს გაიგონ, თუ როგორ ადასტურებს მორმონის წიგნი იესო ქრისტეს სახარების აღდგენის ჭეშმარიტებას."
The pressures at every stage of life can tempt us to reject or neglect calls to serve the Savior.,"ცხოვრების ყოველ პერიოდში არსებულმა გარკვეულმა მოთხოვნილებამ შეიძლება გვაცდუნოს, რომ უარი ვთქვათ ან უგულვებელვყოთ მოწოდებები – ვემსახუროთ უფალს."
"For wheresoever the carcase is, there will the eagles be gathered together.","ლეში სადაც არის, იქ მოგროვდებიან ორბები."
"We shouldn't ""allow judgment to dictate the way we interact with people.""","ჩვენ არ უნდა ""დავრთოთ ნება განკითხვას, გვიკარნახოს, როგორ მოვექცეთ სხვებს""."
"“But if not, be it known unto thee, O king, that we will not serve thy gods, nor worship the golden image.”13","თუ არა და, იცოდე, მეფეო, ჩვენ მაინც არ ვემსახურებით შენს ღმერთებს და თაყვანს არ ვცემთ იმ ოქროს კერპს, შენ რომ აღმართე.“13"
"And moreover, I would ask, do ye suppose that ye must not worship God only once in a week?","და გარდა ამისა, მინდა გკითხოთ: ნუთუ გგონიათ, რომ კვირაში ერთ ჯერზე მეტად არ უნდა სცეთ თაყვანი ღმერთს?"
"""Yes,"" you might say, ""I would be willing to love my enemies—if only they were willing to do the same.""","შეიძლება თქვათ: ""კი"", ""შევიყვარებ მტერს, თუკი ისიც შემიყვარებს."""
"A false witness shall not be unpunished, and he that speaketh lies shall not escape.",ცრუ მოწმე არ დარჩება დაუსჯელი და ტყუილის მოლაქლაქე არ გადარჩება.
"And he brought me to the porch of the house, and measured each post of the porch, five cubits on this side, and five cubits on that side: and the breadth of the gate was three cubits on this side, and three cubits on that side.",და მიმიყვანა სახლის დარბაზში და გადაზომა დარბაზის სვეტები: ხუთი წყრთა ერთი მხრიდან და ხუთი წყრთა მეორე მხრიდან. და კარიბჭის სიგანე სამი წყრთა ერთი მხრიდან და სამი წყრთა მეორე მხრიდან.
"Although our circumstances are different from Martin's, at some time or another we all face difficult questions like those he faced: What is the gospel of Jesus Christ worth to me?","მიუხედავად იმისა, რომ ჩვენი გარემოებები განსხვავდება მარტინისგან, ზოგჯერ ჩვენ ყველანი აღმოვჩნდებით ისეთი რთული კითხვების წინაშე, როგორსაც ის წააწყდა: რა ღირებულება აქვს ჩემთვის იესო ქრისტეს სახარებას?"
And they called the name of that place Bochim: and they sacrificed there unto the Lord.,"და უწოდეს სახელი ამ ადგილს ბოქიმი, და შესწირეს იქ მსხვერპლი უფალს."
"Throughout this general conference we have spoken and sung with joy about the fulfillment of the long-ago prophesied ""restitution of all things,"" about bringing ""together in one all things in Christ,"" about the return of the fulness of the gospel, priesthood, and Church of Jesus Christ to the earth, all of which we capture in the title ""the Restoration.""","ამ გენერალური კონფერენციის მსვლელობისას ჩვენ ვისაუბრეთ და სიხარულით ვიმღერეთ ""ქრისტეში ყოველივეს ერთად მოყრის"",2 სახარების სისრულის, მღვდლობისა და დედამიწაზე იესო ქრისტეს ეკლესიის დაბრუნებისა და ""ყოველივეს აღდგენის შესახებ"", რაც ნაწინასწარმეყველები იყო დიდი ხნის წინ და რისი გაერთიანებაც შესაძლებელია სათაურით ""აღდგენა""."
"And their coast was Jazer, and all the cities of Gilead, and half the land of the children of Ammon, unto Aroer that is before Rabbah;","და იყო მათი სამკვიდრო იაყზერი, და გილყადის ყველა ქალაქი, და ყამონელთა ნახევარი ქვეყანა ვიდრე ყაროყერამდე, რაბას წინ რომ არის."
"Elder Ronald A. Rasband shared the following: ""The adversary's design is to distract us from spiritual witnesses, while the Lord's desire is to enlighten and engage us in His work.""","უხუცესმა რონალდ ა. რასბანდმა გაგვიზიარა ეს სიტყვები: მოწინააღმდეგის ჩანაფიქრია - გადაიტანოს ჩვენი ყურადღება სულიერი მოწმობიდან, როცა უფლის სურვილია - გაგვანათლოს და ჩაგვრთოს თავის საქმეში."
"And delivered just Lot, vexed with the filthy conversation of the wicked:","ხოლო მართალი ლოტი, ურჯულოთა ლაგამახსნილი ქცევით დაჩაგრული, იხსნა,"
"Behold, I have given unto you the commandments;","აჰა, მე მცნებები მოგეცით;"
"I knew this was sinking in one day when my younger son was in his early teens. He had started a new book and just wanted to enjoy the story, but his mind kept trying to find the deeper meaning in everything he was reading. He was frustrated, but I was smiling inside.","ერთ მშვენიერ დღეს (ჩემი უმცროსი ვაჟი მაშინ მოზარდი იყო) დავრწმუნდი, რომ ამან შედეგი გამოიღო. მან ახალი წიგნის წაკითხვა დაიწყო და უნდოდა ისტორიით დამტკბარიყო, მაგრამ მისი გონება ცდილობდა, წაკითხულში უფრო ღრმა მნიშვნელობა აღმოეჩინა. ის იმედგაცრუებული იყო, მე კი შინაგანად მეღიმებოდა."
"As the scripture says, “If ye have desires to serve God ye are called to the work.”9 That work is all about the law of the harvest. We read in John, “Both he that soweth and he that reapeth may rejoice together.”10","როგორც წმინდა წერილი ამბობს, „თუ გაქვთ სურვილი, ემსახუროთ ღმერთს, მაშინ მოწოდებულნი ხართ ამ საქმისთვის“.9 ეს საქმე კი მთლიანად მკის კანონს უკავშირდება. იოანეს სახარებაში ვკითხულობთ: „მთესველი და მომკელი ერთად გაიხარებენ“.10"
"And now, my son, we see that they did not repent; therefore they have been destroyed, and thus far the word of God has been fulfilled; yea, their secret abominations have been brought out of darkness and made known unto us.","და ახლა, ჩემო შვილო, ჩვენ ვხედავთ, რომ მათ არ მოინანიეს; ამიტომ, განადგურდნენ და აქამდე ღვთის სიტყვა სრულდებოდა; დიახ, მათი საიდუმლო სისაძაგლენი გამოტანილ იქნა წყვდიადიდან და ჩვენ გაგვემხილა."
"And he will take upon him death, that he may loose the bands of death and he will take upon him their infirmities, that his bowels may be filled with mercy, that he may know according to the flesh how to succor his people according to their infirmities.","და ის თავის თავზე აიღებს სიკვდილს, რათა გაწყვიტოს სიკვდილის ბორკილები და ის აიღებს თავის თავზე მათ უძლურებას, რათა მისი წიაღი წყალობით აღივსოს რათა მან შეიცნოს ხორციელის შესაბამისად, თუ როგორ დაეხმაროს საკუთარ ხალხს მისივე უძლურების შესაბამისად."
"“O God, where art thou?” we hear from the depths of Liberty Jail. “And where is the pavilion that covereth thy hiding place? How long shall thy hand be stayed?” How long, O Lord, how long?","„ო, ღმერთო, სად ხარ? გვესმის ლიბერთი ციხის სიღრმიდან. „და სად არის კარავი, რომელიც ფარავს შენს საიდუმლო ადგილს? რამდენი ხანი შეაკავებ შენს ხელს“?1 როდემდე, უფალო, როდემდე?"
"For the Lord spake thus to me with a strong hand, and instructed me that I should not walk in the way of this people, saying,","რადგან ასე მითხრა უფალმა წინასწარმეტყველური ხელის ძალით და გამაფრთხილა, არ მევლო ამ ხალხის გზით:"
This is the dream; and we will tell the interpretation thereof before the king.,ეს არის სიზმარი. ახლა კი მის ახსნასაც ვიტყვი მეფის წინაშე.
